"","ux","uy","uz"
"ux",1,0.307257657268449,0.367699331568847
"uy",0.307257657268449,1,0.312966994426831
"uz",0.367699331568847,0.312966994426831,1
