"","ux","uy","uz"
"ux",1,0.268552552552553,0.367575575575576
"uy",0.268552552552553,1,0.295243243243243
"uz",0.367575575575576,0.295243243243243,1
